<?xml version="1.0" encoding="UTF-8"?>
<!--Realizado por: Rebeca Sánchez Pérez y Erika Martínez Pérez-->
<hemeroteca xmlns:xsi="http://www.w3.org/2001/XMLSchema-instance" xsi:noNamespaceSchemaLocation="12_3_CarlosGarciaCachon_OscarPascualFerrero.xsd">
    <publicacion id="R01" tituloCorto="Aparejadores y Arquitectos" tipo="revista">
        <titulo>Revista del Colegio de Aparejadores y Arquitectos Técnicos de Murcia</titulo>
        <autor>Antonio Garrido Hernández</autor> <!--opcional-->
        <fecha>2001-12-18</fecha> <!--opcional-->
        <articulo seccion="RN-12" pagina="01">
            <titulo>El amianto en la construcción</titulo>
            <autor>J.F. Periago</autor>
            <contenido>
                Desde el punto de vista toxicológico,la importancia las fibras de amianto reside 
                en su potencial carcinogénico. De hecho, el cáncer de pulmón es la primera causa 
                de muerte relacionada con el amianto en los pacientes expuestos. Todas las fibras 
                de amianto pueden causar cáncer, aunque la crocidolita (amianto azul) es la más 
                cancerígena de todas. Se cree que el amianto actúa como un cocarcinógeno junto al tabaco. 
                El cáncer de pulmón es una enfermedad con un período de latencia prolongado.
            </contenido>
        </articulo>
        <noticia categoria="general">
            <titulo>124 plazas de oposión para Arquitectos Técnicos</titulo>
            <contenido>
                El BOE de 22 de febrero publica la Resolucion de 17 de febreo de 2023, 
                de la Subsecretaria, por la que se convoca proceso selectivo para ingreso, 
                por el sistema general de acceso libre y rpomocion interna, en el Cuerpo 
                de Arquitectos Tecnicos al servicio de la Hacienda Publica. Numero de plazas: 124.
            </contenido>
            <fuente>internet</fuente> <!--opcional-->
        </noticia>
    </publicacion>
    <libro id="L01" tituloCorto="Quijote" tipo="libro">
        <titulo>Don Quijote de la Mancha</titulo>
        <autor>Miguel de Cervantes Saavedra</autor> <!--opcional-->
        <fecha>2023-02-28</fecha> <!--opcional-->
        <editorial>	Francisco de Robles</editorial>
        <isbn>9780936388878</isbn>
        <idioma>
            <español>true</español>
            <ingles>true</ingles>
            <portuges>true</portuges>
        </idioma>
        <genero>
            <Ciencia_Ficcion/> 
        </genero>
    </libro>
</hemeroteca>