<?xml version="1.0" encoding="UTF-8"?>
<bailes>
    <baile id="1">
        <nombre>Tango</nombre>
        <precio cuota="mensual" moneda="euro">27</precio>
        <plazas>20</plazas>
        <comienzo>1/1/2011</comienzo>
        <fin>1/12/2011</fin>
        <profesor>Roberto Garcia</profesor>
        <sala>1</sala>
    </baile>
    <baile id="2">
        <nombre>Cha-cha-cha</nombre>
        <precio cuota="trimestral" moneda="euro">80</precio>
        <plazas>18</plazas>
        <comienzo>1/2/2011</comienzo>
        <fin>31/7/2011</fin>
        <profesor>Miriam Gutierrez</profesor>
        <sala>1</sala>
    </baile>
    <baile id="3">
        <nombre>Rock</nombre>
        <precio cuota="mensual" moneda="euro">30</precio>
        <plazas>15</plazas>
        <comienzo>1/3/2011</comienzo>
        <fin>1/12/2011</fin>
        <profesor>Laura Mendiola</profesor>
        <sala>1</sala>
    </baile>
    <baile id="4">
        <nombre>Merengue</nombre>
        <precio cuota="trimestral" moneda="dolares">75</precio>
        <plazas>12</plazas>
        <comienzo>1/1/2011</comienzo>
        <fin>1/12/2011</fin>
        <profesor>Jesus Lozano</profesor>
        <sala>2</sala>
    </baile>
    <baile id="5">
        <nombre>Salsa</nombre>
        <precio cuota="mensual" moneda="euro">32</precio>
        <plazas>10</plazas>
        <comienzo>1/5/2011</comienzo>
        <fin>1/12/2011</fin>
        <profesor>Jesus Lozano</profesor>
        <sala>2</sala>
    </baile>
    <baile id="6">
        <nombre>Pasodoble</nombre>
        <precio cuota="anual" moneda="euro">320</precio>
        <plazas>8</plazas>
        <comienzo>1/1/2011</comienzo>
        <fin>31/12/2011</fin>
        <profesor>Miriam Gutierrez</profesor>
        <sala>1</sala>
    </baile>
</bailes>